Year,Energy_Supply,Manufacturing,Other_Industry,Services,Agriculture,Total
1990,0.284,0.122,0.434,0.069,0.077,0.986
1991,0.305,0.102,0.444,0.061,0.077,0.989
1992,0.401,0.115,0.427,0.072,0.078,1.093
1993,0.494,0.335,0.363,0.064,0.077,1.333
1994,0.624,0.566,0.316,0.076,0.077,1.659
1995,0.655,0.607,0.314,0.077,0.077,1.730
1996,0.686,0.586,0.303,0.057,0.075,1.707
1997,0.822,0.613,0.095,0.080,0.077,1.687
1998,1.007,0.565,0.090,0.090,0.078,1.830
1999,1.267,0.504,0.092,0.091,0.078,2.032
2000,1.448,0.351,0.088,0.095,0.078,2.060
2001,1.664,0.306,0.089,0.081,0.077,2.217
2002,1.727,0.427,0.117,0.097,0.078,2.446
2003,1.932,0.511,0.114,0.084,0.077,2.718
2004,2.223,0.636,0.156,0.117,0.079,3.211
2005,2.894,0.654,0.183,0.144,0.079,3.954
2006,2.928,0.759,0.208,0.225,0.082,4.202
2007,3.074,0.552,0.197,0.308,0.085,4.216
2008,3.379,0.733,0.259,0.530,0.096,4.997
2009,3.588,0.719,0.269,0.616,0.099,5.291
2010,3.820,0.902,0.307,0.632,0.122,5.783
2011,4.121,1.117,0.372,0.722,0.115,6.447
2012,4.408,1.145,0.403,0.710,0.150,6.816
2013,5.012,1.441,0.514,0.883,0.185,8.035
2014,5.847,1.851,0.669,1.058,0.224,9.649
2015,7.024,2.311,0.868,1.169,0.331,11.703
2016,7.186,2.403,0.950,1.178,0.411,12.128
2017,7.290,2.882,1.226,1.442,0.491,13.331
2018,8.024,3.307,1.401,1.760,0.536,15.028
2019,8.338,3.462,1.404,1.964,0.547,15.715
2020,8.577,3.933,1.506,2.026,0.568,16.610
2021,8.765,3.683,1.632,1.853,0.557,16.490
2022,8.127,4.169,1.815,2.306,0.538,16.955
2023,7.969,4.057,1.777,2.527,0.538,16.868
