Year,Renewable_Mtoe,Total_Energy_Mtoe,Renewables_Pct
1990,1.730,225.741,0.8
1991,1.716,231.263,0.7
1992,1.900,228.706,0.8
1993,2.103,231.619,0.9
1994,2.461,230.765,1.1
1995,2.524,230.895,1.1
1996,2.465,243.313,1.0
1997,2.471,240.599,1.0
1998,2.654,246.157,1.1
1999,2.856,245.784,1.2
2000,2.882,247.782,1.2
2001,3.005,252.601,1.2
2002,3.283,244.865,1.3
2003,3.519,247.942,1.4
2004,4.141,249.190,1.7
2005,5.020,249.989,2.0
2006,5.390,243.960,2.2
2007,5.440,239.183,2.3
2008,6.354,235.456,2.7
2009,6.895,221.136,3.1
2010,7.654,228.209,3.4
2011,8.514,214.661,4.0
2012,9.182,216.800,4.2
2013,10.861,215.296,5.0
2014,12.706,202.981,6.3
2015,15.168,203.094,7.5
2016,15.644,200.733,7.8
2017,17.436,196.758,8.9
2018,19.657,197.130,10.0
2019,20.755,190.446,10.9
2020,22.262,171.168,13.0
2021,21.729,174.197,12.5
2022,22.948,171.870,13.4
2023,23.110,164.843,14.0
