Year,Hydro,Wind_Wave_Tidal,Solar_PV,Landfill_Gas,Sewage_Gas,Bioenergy,Total
1990,0.448,0.001,0.000,0.080,0.138,1.063,1.730
1991,0.398,0.001,0.000,0.105,0.151,1.061,1.716
1992,0.467,0.003,0.000,0.155,0.151,1.124,1.900
1993,0.370,0.019,0.000,0.162,0.158,1.394,2.103
1994,0.438,0.030,0.000,0.188,0.170,1.635,2.461
1995,0.416,0.034,0.000,0.199,0.193,1.682,2.524
1996,0.292,0.042,0.000,0.249,0.193,1.689,2.465
1997,0.378,0.057,0.000,0.317,0.192,1.527,2.471
1998,0.440,0.075,0.000,0.402,0.181,1.556,2.654
1999,0.459,0.073,0.000,0.572,0.189,1.563,2.856
2000,0.437,0.081,0.000,0.731,0.169,1.464,2.882
2001,0.348,0.083,0.000,0.836,0.168,1.570,3.005
2002,0.412,0.108,0.000,0.892,0.174,1.697,3.283
2003,0.278,0.111,0.000,1.088,0.165,1.877,3.519
2004,0.418,0.166,0.000,1.327,0.177,2.053,4.141
2005,0.423,0.250,0.001,1.421,0.206,2.719,5.020
2006,0.395,0.363,0.001,1.465,0.190,2.976,5.390
2007,0.437,0.453,0.001,1.547,0.211,2.791,5.440
2008,0.442,0.612,0.001,1.554,0.230,3.515,6.354
2009,0.450,0.798,0.002,1.626,0.249,3.770,6.895
2010,0.309,0.884,0.003,1.725,0.295,4.438,7.654
2011,0.489,1.373,0.021,1.758,0.319,4.554,8.514
2012,0.457,1.707,0.116,1.722,0.306,4.874,9.182
2013,0.400,2.442,0.173,1.711,0.320,5.815,10.861
2014,0.510,2.748,0.349,1.664,0.343,7.092,12.706
2015,0.540,3.463,0.648,1.612,0.366,8.539,15.168
2016,0.460,3.195,0.894,1.556,0.387,9.152,15.644
2017,0.506,4.268,0.985,1.419,0.398,9.860,17.436
2018,0.468,4.893,1.089,1.298,0.407,11.502,19.657
2019,0.510,5.489,1.068,0.879,0.323,12.486,20.755
2020,0.591,6.502,1.079,0.849,0.327,12.914,22.262
2021,0.466,5.582,1.043,0.805,0.326,13.507,21.729
2022,0.487,6.925,1.147,0.754,0.316,13.319,22.948
2023,0.476,7.077,1.194,0.729,0.306,13.328,23.110
